URL,category,Product Title,Price,Images,Video Source,Length ,Width,Letter_Amounts,first initial,second initial,images_Stone_size,image_metal,image_Finger_Ring_Size,Material,Cut,Clarity,Color,Additional Fatures
https://zenmoissanite.com/collections/bracelets/products/pave-initial-bezel-bracelet,bracelets,Pavé Initial & Bezel Bracelet,"Rs. 55,500.00","https://zenmoissanite.com/cdn/shop/files/Roundbezel_paveinitialsbracelet-14kYG-Length6_-7_2_f6a4ace6-0812-4429-b608-e5ec5660da4f.jpg, https://zenmoissanite.com/cdn/shop/files/Roundbezel_paveinitialsbracelet-14kYG-Length6_-7.jpg, https://zenmoissanite.com/cdn/shop/files/Mother_sDay-Bracelet-Cropped-20.jpg, https://zenmoissanite.com/cdn/shop/files/Mother_sDay-Bracelet-Cropped-23.jpg, https://zenmoissanite.com/cdn/shop/files/Mother_sDay-Bracelet-Cropped-25.jpg, https://zenmoissanite.com/cdn/shop/files/Mother_sDay-Bracelet-Cropped-11.jpg, https://zenmoissanite.com/cdn/shop/files/Mother_sDay-Bracelet-Cropped-3.jpg",[],"10k white gold, 10k yellow gold, 10k rose gold","5.5"", 6"", 6.5"", 7"", 7.5"", 8"", 8.5"", 9""","1, 2, 3",", A, B, C, D, E, F, G, H, I, J, K , L, M, N, O, P, Q, R, S, T, U, V, W, X, Y, Z",", A, B, C, D, E, F, G, H, I, J, K , L, M, N, O, P, Q, R, S, T, U, V, W, X, Y, Z","6"" version in 14k yellow gold.",,,,,,,Bracelet featuring 1 bezel set moissanite & two pavé initials (moissanites) and a 14k solid gold chain with an adjustable length (6inches + 1inch adjustable chain).Please select your base wrist size (without the adjustable chain).
https://zenmoissanite.com/collections/bracelets/products/tennis-bracelet,bracelets,Tennis Bracelet,"Rs. 184,900.00","https://zenmoissanite.com/cdn/shop/products/InStock_2mmRoundTennisBraceletin14kYG_6.5-7.5.jpg, https://zenmoissanite.com/cdn/shop/products/InStock_2mmRoundTennisBraceletin14kYG_6.5-7.5Lifestyle.jpg",[],,"2mm, 2.5mm, 3mm","6.5"", 7"", 7.5"", 8"", 8.5""",,,2mm version,"7"" length",14k yellow gold,,,,,"Made with 14k solid gold of choice; white, yellow or rose.Please select the length wisely (6.5"", 7"", 7.5"", 8"" & 8.5""). Options are in the drop down menu.Moissanites are colourless (DEF range) and VVS1-VVS2 clarity."
https://zenmoissanite.com/collections/bracelets/products/round-bezel-bracelet,bracelets,Round Bezel Bracelet,"Rs. 18,200.00","https://zenmoissanite.com/cdn/shop/products/Essentials-RoundBezelBraceletCloseup.jpg, https://zenmoissanite.com/cdn/shop/products/Essentials-RoundBezelBracelet-2.jpg, https://zenmoissanite.com/cdn/shop/products/Essentials-RoundBezelBracelet-3.jpg, https://zenmoissanite.com/cdn/shop/products/Essentials-RoundBezelBracelet.jpg, https://zenmoissanite.com/cdn/shop/products/RoundBezelBraceletLifestyle-2.jpg, https://zenmoissanite.com/cdn/shop/products/RoundBezelBraceletLifestyle-1.jpg",[],,,,,,14k yellow gold,,,,,,,Metal: 14k solid goldLength: 6inch + 1inch extensionCut & size: 2.2mm round lab-diamond
https://zenmoissanite.com/collections/bracelets/products/maggie-pearl-bracelet,bracelets,Maggie - Pearl Bracelet,"Rs. 38,600.00","https://zenmoissanite.com/cdn/shop/products/3mmfreshwaterpearlMaggiebraceletin10kgold_6.5-7.5Closeup.jpg, https://zenmoissanite.com/cdn/shop/products/3mmfreshwaterpearlMaggiebraceletin10kgold_6.5-7.5-2.jpg, https://zenmoissanite.com/cdn/shop/products/3mmfreshwaterpearlMaggiebraceletin10kgold_6.5-7.5-3.jpg, https://zenmoissanite.com/cdn/shop/products/3mmfreshwaterpearlMaggiebraceletin10kgold_6.5-7.5-4.jpg, https://zenmoissanite.com/cdn/shop/products/3mmfreshwaterpearlMaggiebraceletin10kgold_6.5-7.5Lifestyle-2.jpg, https://zenmoissanite.com/cdn/shop/products/3mmfreshwaterpearlMaggiebraceletin10kgold_6.5-7.5Lifestyle-3.jpg, https://zenmoissanite.com/cdn/shop/products/3mmfreshwaterpearlMaggiebraceletin10kgold_6.5-7.5Lifestyle-5.jpg, https://zenmoissanite.com/cdn/shop/products/3mmfreshwaterpearlMaggiebraceletin10kgold_6.5-7.5Lifestyle.jpg",[],"10k white gold, 10k yellow gold, 10k rose gold","5.5"", 6"", 6.5"", 7"", 7.5"", 8"", 8.5"", 9""",,,,10k yellow gold,,,,,,,Maggie bracelet featuring 5 freshwater pearls (3mm) and a 10k solid gold chain with an adjustable length.Please select your wrist size.
